{"loss": [1.1265642642974854, 0.40954911708831787, 0.24620330333709717, 0.17053569853305817, 0.1309739500284195, 0.10188581049442291, 0.08111301809549332, 0.07759146392345428, 0.06153358519077301, 0.0536196231842041], "accuracy": [0.662365734577179, 0.8699480891227722, 0.9198378324508667, 0.9448466897010803, 0.9568390250205994, 0.966427206993103, 0.9730421900749207, 0.97507643699646, 0.9806387424468994, 0.9831851720809937], "val_loss": [0.4444429576396942, 0.23019231855869293, 0.2609107494354248, 0.15143939852714539, 0.20699967443943024, 0.12553367018699646, 0.15435585379600525, 0.12041979283094406, 0.15177275240421295, 0.13116763532161713], "val_accuracy": [0.8601183891296387, 0.9243113994598389, 0.9173116087913513, 0.9529364705085754, 0.9359776973724365, 0.9623833298683167, 0.9530503153800964, 0.9631231427192688, 0.95652174949646, 0.9623264074325562]}